Monto Inicial,Ahorro Mensual,Meses,Banco,Resultado
3000,1000,6,NU,Tendrias 9379.584169960692 al finalizar los 6 meses
3000,1000,2,NU,Tendrias 5079.129687499995 al finalizar los 2 meses
3000,1000,6,NU,Tendrias 9379.584169960692 al finalizar los 6 meses
3000,1000,6,NU,Tendrias 9379.584169960692 al finalizar los 6 meses
3000,1000,6,NU,Tendrias 9379.584169960692 al finalizar los 6 meses
3000,1000,6,NU,Tendrias 9379.584169960692 al finalizar los 6 meses
4444,24,5,Hey Banco,Tendrias 4754.295338932451 al finalizar los 5 meses
3000,1000,6,NU,Tendrias 9379.584169960692 al finalizar los 6 meses
3000,1000,6,NU,Tendrias 9379.584169960692 al finalizar los 6 meses
